Customer,July (org),July (new),August (org),August (new),September (org),September (new),July Delta,August Delta,September Delta
45873580-134293:iRhythm Technologies,23603.25495,47084.99487,23577.40443,40706.14609,23526.03465,43329.66302,-23481.73992,-17128.74167,-19803.62838
12333475-619433:Carbon Health,2540.069879,5809.324905,2643.395179,8345.901179,2450.895,16969.3597,-3269.255026,-5702.506,-14518.4647
75134833-159074:TripShot,13386.00798,20392.23729,13405.846,23253.30752,13405.846,23163.95191,-7006.229307,-9847.461519,-9758.10591
88124576-830088:One Medical,131.58338,7226.23738,1141.671696,8790.299211,2975.437395,9980.344395,-7094.654,-7648.627515,-7004.907
74276946-581653:Software Motor Company (SMC),8131.471,8475.083,9429.935949,15100.65033,13134.72105,19171.95905,-343.612,-5670.71438,-6037.238
40679474-239802:CaptiveAire,31337.21383,34024.30434,30956.15778,34580.05256,30960.4347,35660.00386,-2687.090511,-3623.89478,-4699.56916
39333472-650787:Hornblower Group,16571.088,16571.088,19716.338,19757.50054,15065.088,19583.32964,0,-41.162538,-4518.241643
89765540-126031:Parcel Pending,9838.8204,12296.00821,10668.7405,14230.38396,9824.2445,14024.83556,-2457.18781,-3561.643462,-4200.59106
44673270-206896:Greenlots,51277.22483,53463.06781,53921.27326,56586.83441,62965.39366,67076.58056,-2185.842973,-2665.561147,-4111.186893
51279001-243131:Secured Mobility LLC,21.791069,1533.975586,51.426525,2903.660452,60.401,3725.788,-1512.184517,-2852.233927,-3665.387
73977787-764445:DMG (BofA),85195.92777,87060.70723,83908.23752,84460.30948,79414.24446,82840.11367,-1864.779465,-552.071955,-3425.869212
50296523-108488:Augmedix,17305.688,18995.58914,10011.624,12947.04,10011.624,12947.04,-1689.901144,-2935.416,-2935.416
52544143-194102:Embark Trucks,2456.394667,4697.213468,5029.549497,7531.438297,4562.70829,7455.34379,-2240.8188,-2501.8888,-2892.6355
28282838-717717:Pelican Advisors LLC,300.179,1200.716,372.179,1736.581514,714.179,3383.112908,-900.537,-1364.402514,-2668.933908
"13910484-825295:Elite Interactive Solutions, LLC",9473.558,9787.274448,9479.058,10317.23064,9490.808,12141.78445,-313.716448,-838.172636,-2650.976454
33270376-952355:Zoom Systems (Swyftstore),16082.1304,17202.9256,15170.8874,17103.3696,14393.373,16681.6632,-1120.7952,-1932.4822,-2288.2902
48729751-880239:Riivet,2257.311734,3125.279857,2586.675874,5041.221642,2377.1326,4660.5336,-867.968123,-2454.545768,-2283.401
26670943-366806:Starship Technologies,13951.246,15554.048,15764.943,17594.41495,12324.43774,14313.64156,-1602.802,-1829.471946,-1989.203819
91698704-405385:SYNCROMATICS,32083.11191,32385.31191,23895.87118,25451.73398,21910.804,23740.175,-302.2,-1555.862802,-1829.371
79883992-257240:XL Construction,0,1800.537,0,1800.537,0,1800.537,-1800.537,-1800.537,-1800.537
23623565-703881:Locus Energy (Also Energy),9975.524892,10099.19057,11994.70452,12944.58046,10158.65082,11871.50942,-123.6656732,-949.8759334,-1712.8586
"48648265-200201:Rockford Rigging, Inc",29,29,29,29,29,1668.101259,0,0,-1639.101259
93189816-711389:MATRIX NETWORKS,846.338512,1957.360056,597.506,1885.788317,643.7674248,2242.287365,-1111.021544,-1288.282317,-1598.51994
15815284-841258:Postmates,14302.24589,15056.75899,14326.55236,15539.45735,14383.78241,15780.77357,-754.513102,-1212.904996,-1396.99116
83628757-471026:Ghost Zero INC dba Lord Danger,211.76074,2467.951311,477.684,1811.085,477.684,1811.085,-2256.190571,-1333.401,-1333.401
"28569008-345943:Chowbotics, Inc.",686.518,1308.857,686.518,1566.9,914.703,2009.792862,-622.339,-880.382,-1095.089862
23067613-689599:GATEWAY GLOBAL,0,0,0,0,10.92327,1042.827,0,0,-1031.90373
91808807-684340:Ranch Systems,17850.55923,18576.43815,10817.43109,11635.52853,9968.611,11000.37627,-725.878919,-818.097435,-1031.765271
38563045-465711:Bicycle Transit,6330.841,6664.421,6198.48,6532.06,6214.775383,7160.92149,-333.58,-333.58,-946.146107
58279899-414625:Advantage Controls,14948.03774,15209.6676,16314.23294,16914.06444,19668.22081,20423.4532,-261.629852,-599.831502,-755.232389
22207320-867038:Daintree Networks Inc,58643.79377,60068.31321,63351.12651,62865.59999,58315.1596,59039.53235,-1424.519439,485.526528,-724.3727472
66040419-684411:BCycle,15118.0265,15367.84053,16490.33034,16834.02209,14052.17795,14774.74475,-249.8140325,-343.6917495,-722.5667957
96738137-147460:KMARTIN INC.,0,25.0044072,0,751.043974,0,678.970616,-25.0044072,-751.043974,-678.970616
11345200-921823:SCITON,1335.240953,1475.045699,1337.264469,1746.844624,1342.242502,1968.940108,-139.8047465,-409.580155,-626.6976063
36926891-715470:Kinetrex Energy,29,29,29,29,316.342781,889.528343,0,0,-573.185562
"59345440-804682:Modus Systems, LLC",458.203,1018.165,458.203,1018.165,458.203,1030.165,-559.962,-559.962,-571.962
18022875-582319:Ozone International,206.254922,344.985911,173.3665785,583.7213405,79.7692545,595.1996865,-138.730989,-410.354762,-515.430432
73164534-123051:KNIGHTSCOPE,17611.456,17618.93261,17611.456,17886.635,17611.456,18120.08035,-7.476611,-275.179,-508.624348
18591377-662533:SwiftMile,1072.210329,1097.014979,1716.5275,1734.3179,1626.842,2099.808595,-24.80465,-17.7904,-472.966595
82383662-549010:Micro Design Inc,521.07,943.554,723.488,1162.191,737.92,1207.919,-422.484,-438.703,-469.999
52068981-261073:Motiv PowerSystems,5279.382,5730.277,4918.666,5369.561,8074.931,8544.312695,-450.895,-450.895,-469.381695
80404894-366636:GREENbike,0,456.444,0,662.112,0,468.21916,-456.444,-662.112,-468.21916
47931576-307155:Monterey Mechanical,1830.2638,2397.3328,1883.635,2550.775,2464.0468,2917.702,-567.069,-667.14,-453.6552
78189437-950609:SaverGlass,0,0,0,0,0,437.570467,0,0,-437.570467
39465298-978263:RFI Enterprises Inc,48.291899,203.521983,70.179,491.253,70.179,491.253,-155.230084,-421.074,-421.074
"17050468-179171:Kodiak Robotics, Inc.",1575.0665,1605.0878,1688.4803,2110.168375,1714.054,2131.0165,-30.0213,-421.688075,-416.9625
"32989994-210882:M. O. Dion & Sons, Inc.",52,277.537,52,277.537,52,457.537,-225.537,-225.537,-405.537
44098072-521527:Capital Technology Solutions (CTS),3381.065113,3553.975786,3373.308715,3641.830735,3234.589303,3613.390609,-172.910673,-268.52202,-378.801306
"14726564-687348:Formant, Inc.",2,377.7125,2,377.7125,933.7442,1309.4567,-375.7125,-375.7125,-375.7125
"58283177-201305:Macrotech, Inc.",49.5,345.656776,49,405.265,49,405.265,-296.156776,-356.265,-356.265
97141316-560718:DFUZION,1132.475,1265.012,1168.480885,1516.788121,1169.055212,1520.80841,-132.537,-348.307236,-351.753198
26384385-937545:Voltus,10718.4921,10718.4921,9685.548851,9777.155512,9780.096885,10126.07977,0,-91.60666125,-345.9828879
51858633-811017:ThinkSign,1830.1,1960.636013,1827.1,2151.710632,2262.802662,2592.080532,-130.536013,-324.610632,-329.27787
48730552-227884:Econolite-Public,801.333332,798.492485,775.333,875.256752,775.833,1100.101365,2.840847,-99.923752,-324.268365
96438744-597258:KKC Industries,0,0,0,254.251613,0,300.179,0,-254.251613,-300.179
95311272-556859:UGSI (PSI Water Tech),1192.311,1216.945167,1204.906156,1270.443156,1213.99,1506.359969,-24.634167,-65.537,-292.369969
43134026-102811:Alaris,329.61,369.6384,342.9528,369.6384,369.2100876,643.244514,-40.0284,-26.6856,-274.0344264
71905685-857963:ENGIE SERVICES U.S. INC. (Opterra),2249.245798,2643.150039,2853.798101,3119.88689,2372.834208,2626.480836,-393.904241,-266.088789,-253.646628
14774551-720675:Microspace Communications - Merged,39466.94763,39538.96781,42651.94763,42902.39163,29792.94762,30043.39162,-72.02018,-250.444,-250.444
69875252-304083:San Antonio Bike Share,984.0315,1232.559,984.0315,1232.559,967.353,1215.8805,-248.5275,-248.5275,-248.5275
"88956396-625188:Infoworks.io, Inc.",0,0,0,0,0,217.398402,0,0,-217.398402
82158979-823650:SupplyPro Inc,5319.55666,5389.237209,5197.1016,5327.347223,5095.193006,5305.503332,-69.6805492,-130.2456232,-210.3103255
"65281359-699424:Sunworks United, Inc.",251.5710653,333.714702,4309.956128,4435.53221,15091.35488,15276.86703,-82.1436367,-125.5760824,-185.5121493
"85472499-895697:Intellectual Technology, Inc (ITI)",50044.2941,53487.547,48961.4877,51458.42475,26544.62011,26728.34394,-3443.252899,-2496.937047,-183.7238265
77545956-198070:Petasense,1744.187753,1808.219967,1656.1955,1729.5809,1707.414286,1889.58482,-64.0322146,-73.3854,-182.1705344
41311373-354821:ECAM Secure,16169.08495,16247.62195,25779.6904,26008.2274,22447.62407,22616.16107,-78.537,-228.537,-168.537
47462536-114634:Postmates X,14069.848,14195.027,14078.65086,14204.02986,14077.048,14232.89586,-125.179,-125.379,-155.847855
90626130-793619:agriMeasures,171.3992,327.0652,171.3992,327.0652,171.3992,327.0652,-155.666,-155.666,-155.666
18273156-840096:AgriPower Solar,108.9662,125.6447,108.9662,140.0994,123.4209,277.0571608,-16.6785,-31.1332,-153.6362608
16995685-303628:Marathon Coach,1883.826913,1892.430541,1404.257646,1476.541157,1230.219,1378.566404,-8.603628,-72.283511,-148.347404
10174546-724597:Impulse Industries,2217.35728,2217.35728,1936.95033,2077.75533,1092.255825,1233.060825,0,-140.805,-140.805
83477725-583304:PINC,49,49,3939.86166,3939.86166,31476.22471,31615.91818,0,0,-139.693468
46155548-235089:Okta,0,138.179,0,138.179,0,138.179,-138.179,-138.179,-138.179
94105720-789809:Buchanan Investments,0,0,0,94.099899,0,138.179,0,-94.099899,-138.179
70617335-517178:IN-N-OUT,3066.420826,3079.287082,2256.775485,2377.335301,2020.530992,2157.604165,-12.866256,-120.559816,-137.073173
15774134-259291:Creative Security Company Inc.,500.444,500.444,500.444,634.413,500.444,634.413,0,-133.969,-133.969
"95682049-258059:City Light & Power, FTC, LLC",247.963386,359.2201,266.554354,405.186046,255.324164,387.039838,-111.256714,-138.631692,-131.715674
94524264-318249:Carlisle Polyurathane,155.969,167.539064,158.407788,191.98366,170.148,297.759,-11.570064,-33.575872,-127.611
52925524-201315:NexRev,5770.4212,5770.4212,9479.7196,9479.7196,8748.877579,8874.857323,0,0,-125.979744
52875629-579480:FARWESTRESTAURANT,260.358,391.501451,260.358,390.537,269.5334496,390.537,-131.143451,-130.179,-121.0035504
46880627-945388:Engineering Solutions,606.6640303,749.1555233,605.3736,697.4599544,606.6236,727.5073072,-142.491493,-92.0863544,-120.8837072
80398507-354438:MeasureTek,2105.757,2194.968523,2100.007,2193.439,2107.757,2223.469348,-89.211523,-93.432,-115.712348
66717554-973766:Intellihot Inc.,74.137,122.611,164.764,230.945,248.855,363.668,-48.474,-66.181,-114.813
12523676-171795:Telesense,694.9375,743.2182075,694.9375,793.2751575,694.9375,806.1275,-48.2807075,-98.3376575,-111.19
63624600-560882:Power House Dynamics,1130.8023,1253.623752,1115.1238,1208.5234,876.8305116,986.9086116,-122.8214524,-93.3996,-110.0781
29439870-894712:Fazoli's System Management,3819.126955,3843.484955,3745.7795,3782.3165,3877.9585,3987.5695,-24.358,-36.537,-109.611
14534467-433908:Truckspy Inc.,865.55,865.55,941.9,941.9,1002.32,1109.050779,0,0,-106.730779
"83094752-651975:UnaliWear, Inc.",177.6431975,225.1358585,143.078,217.463735,144.874533,251.367605,-47.492661,-74.385735,-106.493072
"96847841-947790:Ameresco, Inc.",104.130128,104.130128,218.66,228.752803,248.052669,354.138438,0,-10.092803,-106.085769
37058141-377412:Midwest PMS,416.0489,562.7360186,416.0489,493.8819,416.0489,521.6702672,-146.6871186,-77.833,-105.6213672
"67202604-843737:Dallas Zoo Management , Inc.",49,149.071,49,215.785,49,149.071,-100.071,-166.785,-100.071
73305039-969561:WATERTECTONICS,1520.592,1542.149553,1520.592,1615.629,1520.592,1615.629,-21.557553,-95.037,-95.037
86844257-294110:BPI (Bright Power),265.7103392,333.5903168,263.9797568,339.1654782,258.7791104,349.9615556,-67.8799776,-75.1857214,-91.1824452
31743283-851342:Council Rock,386.7718192,484.8865464,430.9066286,554.066579,443.898,532.85,-98.1147272,-123.1599504,-88.952
56959551-290648:PickTrace,951.057,1022.19167,419.0306,439.756416,881.581,970.533,-71.13467001,-20.725816,-88.952
66820568-932304:Bedestrian,350.179,350.179,350.179,350.179,350.179,434.572139,0,0,-84.393139
22348906-816060:Heartland Bike Share,1132.399258,1233.738293,1051.8574,1148.03675,1051.8574,1134.69395,-101.339035,-96.17935,-82.83655
21340183-295254:SensoScientific,865.541875,944.486775,1587.16662,1675.563691,1067.837545,1150.287704,-78.9449,-88.39707153,-82.45015905
96912455-550057:21 Century Creations (Sparrow Labs),165.7495,224.12425,165.7495,224.12425,165.7495,246.3224943,-58.37475,-58.37475,-80.57299425
"57771766-367269:Dental Arts Laboratories, Inc.",0,488.820061,0,452.179,0,80.179,-488.820061,-452.179,-80.179
56731204-462965:Next Generation Energy,99.358,174.895,99.358,174.895,99.358,174.895,-75.537,-75.537,-75.537
34923654-646157:TIM KEZMAN (Marathon),0,75.179,0,75.179,0,75.179,-75.179,-75.179,-75.179
42051092-903148:Sunset Restaurant Management Group,0,52.716,0,136.716,0,68.240016,-52.716,-136.716,-68.240016
57865533-778771:AR Systems,739.703375,739.703375,739.703375,739.703375,729.97425,797.3348603,0,0,-67.36061025
67312626-323415:GREEN POWER,7828.828,7841.55175,8224.228,8258.481376,7445.241626,7509.947036,-12.72375,-34.253376,-64.70541
30968455-461949:Filld Inc,230.155571,177.4556,28.716,86.148,28.716,86.148,52.699971,-57.432,-57.432
92446902-389851:Boingo Wireless,13268.77267,13283.45556,18304.6388,18375.79458,1610.41033,1663.237906,-14.6828828,-71.15578,-52.8275768
46320485-740367:Samsara,829.089,829.089,832.089,831.589,829.839,880.306679,0,0.5,-50.467679
86722723-374613:Lexmark International,0,0,9.780337,19.560674,48.179,96.358,0,-9.780337,-48.179
38706926-268219:Sierra Controls LLC,108,135.7975,311.5778933,402.8309541,135.1856,182.9736386,-27.7975,-91.2530608,-47.7880386
26361011-118969:ZPE Systems,30.245,53.885845,26.885,67.368885,33.091397,79.774187,-23.640845,-40.483885,-46.68279
"32939030-376712:Cello Lighting, Inc.",57.358,103.327,57.358,103.327,57.358,103.327,-45.969,-45.969,-45.969
42705668-582991:AAA Fire Protection Inc,16.155609,32.306065,45.0855,90.6225,45.0855,90.6225,-16.150456,-45.537,-45.537
77817267-135205:ampUp,556.5975,616.295086,5273.901958,5314.146234,129.324453,174.374385,-59.697586,-40.2442766,-45.049932
18284947-114140:CANYONCOUNTY,3845.825101,3845.825101,3618.346336,3668.974074,4252.67801,4297.396069,0,-50.6277382,-44.7180592
54915090-948394:TOG,85.358,128.037,85.358,128.037,85.358,128.037,-42.679,-42.679,-42.679
44897629-280984:Motec Pro,100.895,114.991337,161.645,190.253,101.395,143.753,-14.096337,-28.608,-42.358
14601006-129747:Capture H2O,960.6816,990.1438524,960.6816,1000.71,960.6816,1000.71,-29.4622524,-40.0284,-40.0284
29688112-484793:MIDWEST BIKE dba Bublr Bike,1502.971,1533.329,1503.221,1533.579,1508.001358,1545.666566,-30.358,-30.358,-37.665208
"10891546-627993:Asset Black, LLC",569.91,569.91,921.33,921.33,414.37,451.63774,0,0,-37.26774
"65789658-293552:Protrionix Technologies, LLC",0,0,0,0,2,37.27876,0,0,-35.27876
"45359749-864317:Picket Wireless, LLC",49,202.55418,49,79.358,49,79.358,-153.55418,-30.358,-30.358
94510051-933056:UNITEDOIL,484.8452336,517.9566688,499.2607984,533.6517216,487.0512176,516.9456544,-33.1114352,-34.3909232,-29.8944368
"29515067-332695:Benson Drug Company, Inc.",0,0,0,0,0,29.851318,0,0,-29.851318
"76083009-415646:Analog Devices, Inc",131.531275,159.328775,324.5225,352.32,324.5225,352.32,-27.7975,-27.7975,-27.7975
97903144-378344:511Technologies,148.7529,157.5009935,144.07935,160.780088,148.830163,174.77079,-8.7480935,-16.700738,-25.940627
43159780-972649:Terso Solutions,36.0684,61.2474,36.0684,61.2474,36.0684,61.2474,-25.179,-25.179,-25.179
"97399394-884602:WanderJaunt, Inc.",246.728,271.444,246.728,271.444,246.728,271.444,-24.716,-24.716,-24.716
"89067724-793014:Innovative Advantage, Inc.",27.373937,43.671044,42.966677,52.824887,212.876555,236.7757508,-16.297107,-9.85821,-23.89919577
"58129968-449039:TCS Basys Controls, Inc.",9966.2724,9966.2724,14614.85408,14614.85408,11345.48608,11369.38304,0,0,-23.8969548
85076218-663568:Five Stars,0,7.948,0,16.235,0,22.713248,-7.948,-16.235,-22.713248
73212741-628545:Foxwood Community Association,96.2702,96.2702,96.2702,96.2702,96.2702,118.817972,0,0,-22.547772
"29799004-129708:Central Cooling & Heating, Inc",0,32.179,0,20.179,0,20.179,-32.179,-20.179,-20.179
42414234-775401:OBVIUS,0,15.114071,0,20.429,0,20.179,-15.114071,-20.429,-20.179
18276935-679896:Rhombus Energy Solutions,70.537,70.537,70.537,70.537,71.287,90.271345,0,0,-18.984345
92370122-836048:Tetratech,3245.506276,3245.506276,3276.701,3279.34754,3468.708843,3487.173473,0,-2.64654,-18.4646304
58963341-117913:RMS Life Safety,258.5208528,258.5208528,211.9463408,211.9463408,310.4862682,328.8895162,0,0,-18.403248
15464963-635425:Friedmans Home Improvement,193.401,193.401,193.401,197.482779,298.209,315.957,0,-4.081779,-17.748
31159940-348960:DMG-Coca-Cola,0,146.568593,0,16.679,0,16.679,-146.568593,-16.679,-16.679
12595284-903134:R-Zero Systems,49,49,49,51.62994,72.77876,86.5832725,0,-2.62994,-13.8045125
33438182-351776:EAGLEEYEPRODUCE,135.179,135.179,135.179,135.179,135.179,145.58616,0,0,-10.40716
27683827-471965:Volta Charging,51463.44316,50256.72974,52963.72472,52963.72472,56282.25115,56291.60501,1206.713427,0,-9.353855
34497773-329343:Miller Ingenuity (Miller Felpax Corporation),1783.564,1792.4592,360.332,369.2272,4914.6744,4923.5696,-8.8952,-8.8952,-8.8952
43572262-313723:Direct Importing Company,29,29,29,29,41.142914,49.580504,0,0,-8.43759
32881511-702706:Aaeon Electronics,203.314076,207.7172,67.195278,70.664406,77.40252,85.563866,-4.403124,-3.469128,-8.161346
65201291-237772:PEDCOR,3768.007739,3775.7488,3770.48293,3778.681104,3937.334187,3945.418083,-7.7410608,-8.1981744,-8.083896
40588721-200470:Fort Worth Bike Share,832.8895,832.8895,832.8895,832.8895,829.4370505,836.4420205,0,0,-7.00497
71892378-227862:GENTRIFI,462.333522,417.333522,394.0578,394.0578,411.0578,416.61496,45,0,-5.55716
88641076-954913:CET Energy Solutions,0,0,0,4.220885,0,5.179,0,-4.220885,-5.179
99574118-906352:Colorbent LLC,0,0,0,0,14.9727025,20.0928995,0,0,-5.120197
"50535105-435203:Graham Porter Construction, Inc.",0,0,0,0,0,3.443544,0,0,-3.443544
77975320-621215:OJO Electric LLC,13954.097,13957.4327,13954.347,13957.6827,13955.347,13958.6827,-3.3357,-3.3357,-3.3357
92252775-510705:100Plus,0,1.015356,0,2.658,0,2.658,-1.015356,-2.658,-2.658
61656065-518579:Clevest Solutions,1308.56465,1310.78845,1310.804573,1313.028373,1311.78845,1314.01225,-2.2238,-2.2238,-2.2238
42425542-822584:Naak inc.,267.5004,269.7242,267.5004,269.7242,267.5004,269.7242,-2.2238,-2.2238,-2.2238
"54979060-301708:NeuroPace, Inc.",6170.056088,6170.306088,7417.819,7417.680875,6541.569,6542.301058,-0.25,0.138125,-0.732058
67715730-394852:Avanti Markets,0,0.358,0,0.358,0,0.358,-0.358,-0.358,-0.358
10000000-000001:Podsystems,8965.59053,8965.59053,8888.549667,8888.549667,8488.66348,8488.66348,0,0,0
13262283-602754:Sprocket,725.506375,725.506375,705.356375,705.356375,729.256375,729.256375,0,0,0
21396742-162564:IP Source,26795.99295,26795.99295,37892.77455,37892.77455,37913.57455,37913.57455,0,0,0
22468876-375681:Viptela,0,0,0,0,0,0,0,0,0
23457767-804383:Creative Coach,72.679,72.679,251.809875,251.809875,211.47303,211.47303,0,0,0
27854066-204863:GSV Sustainability Partners,0,0,0,0,0,0,0,0,0
43339147-669206:SunMan Engineering,0,0,0,0,0,0,0,0,0
49607093-521636:Corporate IT Solutions (Private),1618.0685,1618.0685,1344.5498,1344.5498,1292.451,1292.451,0,0,0
50115761-370260:Sequoyah Tech,0,0,0,0,0,0,0,0,0
56089713-971040:NextBus,8225.395017,8225.395017,8406.627666,8406.627666,8510.15841,8510.15841,0,0,0
57124435-522649:SmartSource Inc.,779.8808,779.8808,779.3808,779.3808,779.1308,779.1308,0,0,0
71696114-865520:Jolly Road Productions,83.3988024,83.3988024,44.575,44.575,44.575,44.575,0,0,0
75246104-463644:One Diversified LLC (DMG),67.0342,67.0342,67.0342,67.0342,67.0342,67.0342,0,0,0
76921615-448101:Gabelsberg,193.401,193.401,193.401,193.401,193.401,193.401,0,0,0
79168544-300871:LG MRI,0,0,0,0,0,0,0,0,0
81329753-919299:Meridian Zero,722.077,722.077,720.577,720.577,722.077,722.077,0,0,0
84515324-665303:Sensity,551.045,551.045,551.045,551.045,551.045,551.045,0,0,0
88203832-902329:Dukes Chowder House,49.59405,49.59405,58.240447,58.240447,49.59405,49.59405,0,0,0
90562095-494951:Minnesota Equipment,128.42445,128.42445,128.92445,128.92445,131.42445,131.42445,0,0,0
74045714-959662:Electronic Exchange Services,0,0,0,0,0,0,0,0,0
55684813-200965:Agsense,1401.565,1401.565,1401.565,1401.565,1401.565,1401.565,0,0,0
36402743-628873:Prescient,1443.15,1443.15,1443.15,1443.15,1443.15,1443.15,0,0,0
50412238-494941:Tennesse Valley Ice,0,0,0,0,0,0,0,0,0
34162877-255253:Rescue Response Group,0,0,0,0,0,0,0,0,0
81705703-396690:True Manufacturing,0,0,0,0,0,0,0,0,0
12629274-351737:Momentum World Wide,0,0,0,0,0,0,0,0,0
93155501-804373:WISErg,405.8445,405.8445,407.5945,407.5945,407.8445,407.8445,0,0,0
50551406-428272:DOR Technologies,11428.29864,11428.29864,10056.17784,10056.17784,9768.5781,9768.5781,0,0,0
60108448-257244:MFA Oil Company,9535.6451,9535.6451,8845.3195,8845.3195,9660.7303,9660.7303,0,0,0
41448997-676974:Exide Technologies (AkerWade),441.050145,441.050145,441.072383,441.072383,446.771975,446.771975,0,0,0
91165811-349108:Crystal Valley Coop,26.6856,26.6856,26.6856,26.6856,26.6856,26.6856,0,0,0
83329106-386517:Datawrx,9894.274472,9894.099287,3364.065876,3364.065876,3226.043454,3226.043454,0.175185,0,0
91785134-824397:ioCurrents,1872.56285,1872.56285,1877.56285,1872.56285,1872.56285,1872.56285,0,5,0
44447582-688959:DoorDash ,20740.17249,20740.17249,19645.94059,19645.94059,21918.28614,21918.28614,0,0,0
52642924-148468:Danfoss Power Solutions,0,0,0,0,0,0,0,0,0
73146983-540926:Dealers 1,0,0,0,0,0,0,0,0,0
35484301-259355:Jake Panzeri,0,0,0,0,0,0,0,0,0
48115845-553315:Aperia Tech,0,0,0,0,0,0,0,0,0
41844747-610148:Ventek International,13022.21205,13022.21205,15543.30839,15543.30839,6001.271967,6001.271967,0,0,0
58341176-813590:Nebbiolo,0,0,0,0,0,0,0,0,0
21180169-623004:Inform Software,0,0,0,0,0,0,0,0,0
20028236-559080:Harbor Wholesale Grocery,40.7322,40.7322,40.7322,40.7322,40.7322,40.7322,0,0,0
42480100-698569:SonDi & Associates,0,0,0,0,0,0,0,0,0
27795948-309517:Flagship Promotions,0,0,0,0,0,0,0,0,0
85009426-395369:Kelvin Inc,0,0,0,0,0,0,0,0,0
67900935-917219:TSI Global,0,0,0,0,0,0,0,0,0
99567321-594051:Solar City,99.0355,99.0355,99.0355,99.0355,99.0355,99.0355,0,0,0
40610262-528189:Global Tracking Group,0,0,0,0,0,0,0,0,0
71835937-380592:Inrix,0,0,0,0,0,0,0,0,0
53503147-945643:Quidel,23884.45318,23884.45318,22956.73942,22956.73942,20682.62594,20682.62594,0,0,0
45242937-943984:InDesign LLC,0,0,0,0,0,0,0,0,0
47468004-429622:VSBLTY,130.358,130.358,130.358,130.358,130.858,130.858,0,0,0
71100908-117551:Benchmark Tool & Supply Inc,1000.8981,1000.8981,1190.45758,1190.45758,598.33468,598.33468,0,0,0
62855415-830830:Swift Nav,0,0,0,0,0,0,0,0,0
47549148-804669:Waterbit,1713.9325,1713.9325,1713.9325,1713.9325,331.1175,331.1175,0,0,0
62548261-776940:Banilla Games,0,0,0,0,0,0,0,0,0
14143579-764976:Powerflex,0,0,0,0,0,0,0,0,0
81359289-808490:Mist Labs,0,0,0,0,0,0,0,0,0
75682941-189131:ABC Roofing,0,0,0,0,0,0,0,0,0
12698914-663842:AgTerra Technologies,196.8063,196.8063,204.8068184,204.8068184,212.286405,212.286405,0,0,0
14579300-313517:MeLink Corp,394.7245,394.7245,394.7245,394.7245,394.7245,394.7245,0,0,0
98326901-750053:Medi-Lynx,27692.44157,27692.44157,27602.9175,27602.9175,27602.9175,27602.9175,0,0,0
79102915-892996:ICU Technologies,0,0,0,0,0,0,0,0,0
21641240-859290:Flo-Corp,0,0,0,0,0,0,0,0,0
72149334-780453:Hollywood Riviera,0,0,0,0,0,0,0,0,0
"94062735-938091:Aclima, Inc",55.595,55.595,55.595,55.595,55.595,55.595,0,0,0
52474750-522200:Phrame,0,0,0,0,0,0,0,0,0
14847013-394133:Variety Wholesalers,0,0,0,0,0,0,0,0,0
14374465-128572:NuOz,0,0,0,0,0,0,0,0,0
34958666-439542:Farmers Electric Coop,312.5896,312.5896,296.2238544,296.2238544,225.8863296,225.8863296,0,0,0
98152856-791481:Safe Environment Engineering,0,0,0,0,0,0,0,0,0
36978885-217667:Spendgo,0,0,0,0,0,0,0,0,0
79280843-204868:ViaSat,99.1881,99.1881,99.1881,99.1881,99.1881,99.1881,0,0,0
25833770-223958:Citrix Systems,685.19743,685.19743,747.38383,747.38383,747.38383,747.38383,0,0,0
38647762-191916:AutoMotion Management,1192.25024,1192.25024,410.5563,410.5563,755.3441486,755.3441486,0,0,0
18361417-570214:Cirrus Systems,0,0,0,0,0,0,0,0,0
43725798-437914:8MINUTENERGY,0,0,0,0,0,0,0,0,0
58392821-508074:ABSCO,65.179,65.179,65.179,65.179,63.093272,63.093272,0,0,0
63374405-712267:Applied Motion Systems (AMS),112.719,112.719,114.219,114.219,112.469,112.469,0,0,0
97453818-763742:AECOM,0,0,0,0,0,0,0,0,0
23605622-140320:AIRCONTROLSYSTEMS,0,0,0,0,0,0,0,0,0
23861685-740699:ALL COAST,140.179,140.179,140.179,140.179,140.179,140.179,0,0,0
88400845-948782:ALPACKA,0,0,0,0,0,0,0,0,0
47939512-499835:AMERIPRISE,1913.473,1913.473,1915.223,1915.223,1921.723,1921.723,0,0,0
91259859-964794:ANURACO,0,0,0,0,0,0,0,0,0
97718753-848086:ASBURYENVIRO,50.179,50.179,50.179,50.179,50.179,50.179,0,0,0
51035461-371776:AUTHENTECT,0,0,0,0,0,0,0,0,0
39461277-452733:AVALOSBIZ,131.424696,131.424696,27.5458352,27.5458352,26.7854544,26.7854544,0,0,0
71068977-122804:AXIOM,90.358,90.358,90.358,90.358,79.424682,79.424682,0,0,0
47739842-210394:AYLANETWORKS,0,0,0,0,0,0,0,0,0
73339773-634116:BENEFIT COSMETICS,0,0,0,0,0,0,0,0,0
82279548-608882:BEST EVENTS,80.179,80.179,80.679,80.679,80.179,80.179,0,0,0
77779438-158717:BONANZA,10.179,10.179,10.179,10.179,10.179,10.179,0,0,0
88959562-625133:BOZZUTO,0,0,0,0,0,0,0,0,0
73076563-105763:BRAGANZA,166.9726464,166.9726464,0,0,0,0,0,0,0
42051996-920513:BRAINSTORMGOLF,0,0,0,0,0,0,0,0,0
56934331-369494:BYSINC,0,0,0,0,0,0,0,0,0
59975248-936765:California Hydronics Corp,0,0,0,0,0,0,0,0,0
67862116-668671:CARTTRAC,0,0,0,0,0,0,0,0,0
92179310-346371:CARTTRONICS,0,0,0,0,0,0,0,0,0
88126794-469002:CAUZWAYLLC,15.179,15.179,15.179,15.179,15.179,15.179,0,0,0
29136958-614701:CHECKVIDEO,158.0947248,158.0947248,160.4994864,160.4994864,48.727656,48.727656,0,0,0
20639420-269719:CHILESANDCO,115.179,115.179,136.984056,136.984056,115.179,115.179,0,0,0
57092437-498921:Corporate IT Solutions (250M & 1GB),148.748,148.748,125.169,125.169,307.369,307.369,0,0,0
81838150-218091:CLARIONHOTEL,9.179,9.179,9.179,9.179,9.179,9.179,0,0,0
67072961-760214:COAST CONTROL,0,0,0,0,0,0,0,0,0
55736293-713867:COMFORT FLOW,0,0,0,0,0,0,0,0,0
42347807-562364:COMMUNITYBANK,130.608,130.608,130.608,130.608,130.358,130.358,0,0,0
57162855-122302:CROWNMOTORS,25.179,25.179,25.179,25.179,25.179,25.179,0,0,0
23932266-381255:CYCLE GEAR,91.074,91.074,91.074,91.074,91.074,91.074,0,0,0
95616476-593971:DEACON350,0,0,0,0,0,0,0,0,0
67319302-812607:DELTA LIQUID,355.7064976,355.7064976,372.0289872,372.0289872,326.601,326.601,0,0,0
32424703-750383:DMG MITSUBISHI,80.858,80.858,80.858,80.858,80.858,80.858,0,0,0
63201894-110967:DMG GLOBAL EAGLE,0,0,0,0,0,0,0,0,0
93866114-205269:DMG-ADIDAS,0,0,0,0,0,0,0,0,0
77068953-692052:DMG-BARCO,75.179,75.179,75.379,75.379,75.579,75.579,0,0,0
92300193-885957:DMG-NORDSTORM,0,0,0,0,0,0,0,0,0
82150623-666237:DMG-SPE,0,0,0,0,0,0,0,0,0
83374752-145007:DMGGLANZ,0,0,0,0,0,0,0,0,0
43220582-953142:DMGTPN,50.037,50.037,50.037,50.037,50.037,50.037,0,0,0
73283849-368116:DMSCOMMUNICATIONS,0,0,0,0,0,0,0,0,0
69798283-861464:DRONE DEPLOY,0,0,0,0,0,0,0,0,0
25315328-438918:DYLANPHILPSDEMO,0,0,0,0,0,0,0,0,0
65716224-375843:EAGLEPIPE,0,0,0,0,0,0,0,0,0
22178877-181127:ECCOMANUFACTURING,14.377336,14.377336,14.4651952,14.4651952,14.6848432,14.6848432,0,0,0
85256713-839763:EICHLEAY,0,0,0,0,0,0,0,0,0
61744397-709384:ENCYCLE,0,0,0,0,0,0,0,0,0
19098083-709777:ENVIROMAX,2545.540154,2545.540154,712.437542,707.437542,95.716,95.716,0,5,0
98046475-438761:ERIKS 3 BEAUTIFUL,10.179,10.179,10.179,10.179,19.050936,19.050936,0,0,0
20644586-604636:ERIKS AASHI,0,0,0,0,0,0,0,0,0
34717322-654468:ERIKS APP N OUT,35.8842672,35.8842672,36.8064816,36.8064816,35.6391216,35.6391216,0,0,0
75053211-884618:ERIKS DELI,0,0,0,0,0,0,0,0,0
20957197-505269:ERIKS DJ DELI,44.5110576,44.5110576,50.1377328,50.1377328,42.6666288,42.6666288,0,0,0
41660659-295377:ERIKS EDISON,20.358,20.358,20.358,20.358,20.358,20.358,0,0,0
27955963-101619:ERIKS FESTIVUS,10.179,10.179,10.929,10.929,10.179,10.179,0,0,0
91055286-152640:ERIKS FRANK,0,0,0,0,0,0,0,0,0
59240505-833850:ERIKS FRANK 1,45.179,45.179,45.179,45.179,45.429,45.429,0,0,0
64126459-299506:ERIKS GILROY,38.3824176,38.3824176,49.5423792,49.5423792,39.9933744,39.9933744,0,0,0
10878225-251029:ERIKS JD ORTIZ,11.929,11.929,11.679,11.679,10.429,10.429,0,0,0
99951425-887465:ERIKS MH2DELI,44.4402576,44.4402576,46.0424304,46.0424304,44.620216,44.620216,0,0,0
21747411-658264:ERIKS PON DI,10.179,10.179,11.679,11.679,16.179,16.179,0,0,0
32598639-910525:ERIKS ROSEVILLE,52.9744176,52.9744176,65.4768432,65.4768432,42.1928656,42.1928656,0,0,0
93629142-719186:ERIKS TIMILIE,10.179,10.179,10.179,10.179,10.179,10.179,0,0,0
34168728-141634:ERIKS TUNG TI,10.179,10.179,10.179,10.179,10.179,10.179,0,0,0
12664880-245736:FINLEY CHERRIES,0,0,0,0,0,0,0,0,0
99360528-113957:Frealz,57.2877788,57.2877788,10.9464456,10.9464456,6.9202544,6.9202544,0,0,0
79737311-458167:FREESTONE,25.185,25.185,25.185,25.185,25.435,25.435,0,0,0
14851334-701717:GL MADERA,48.179,48.179,48.179,48.179,48.179,48.179,0,0,0
24631503-179544:GL MERCED,48.179,48.179,48.179,48.179,48.179,48.179,0,0,0
13111932-155432:GOLDEN LEAF,47.679,47.679,47.679,47.679,47.679,47.679,0,0,0
55542551-342300:GOSCHIE FARMS,0,0,0,0,0,0,0,0,0
46708426-120006:GREEN ZEBRA,0,0,0,0,0,0,0,0,0
45183253-113060:GROCERYOUTLET,13051.46046,13051.46046,11106.14854,11106.14854,8108.540318,8108.540318,0,0,0
94179769-584680:GROUNDVU,0,0,0,0,0,0,0,0,0
14790342-953720:GROUPONE,240.895,240.895,240.895,240.895,241.645,241.645,0,0,0
78894663-823363:GSTV,0,0,0,0,0,0,0,0,0
35794429-582779:GUITAR CENTER,12610.57637,12610.57637,12297.40639,12297.40639,9331.226122,9331.226122,0,0,0
90977712-301244:HALVORSONCONSTRUCTION,0,0,0,0,0,0,0,0,0
21525618-151304:HANLEYCONST,14.059448,14.059448,13.0365552,13.0365552,13.3105136,13.3105136,0,0,0
53405230-351860:HEIBERG GARBAGE,12.36140503,12.36140503,14.179,14.179,14.179,14.179,0,0,0
95249471-602905:HOME BANK OF CA,15.179,15.179,15.179,15.179,15.179,15.179,0,0,0
35522400-879091:HTMSENSORS,10.179,10.179,10.179,10.179,10.179,10.179,0,0,0
59643865-922282:Idaho Water Engineering,1279.349533,1279.349533,881.33,881.33,317.33,317.33,0,0,0
50045813-833287:IDEN DEALER,107.1216733,107.1216733,65.179,65.179,65.179,65.179,0,0,0
93004201-919138:IMPULSE,0,0,0,0,0,0,0,0,0
51796830-808894:ISERVGROUP,451.074,451.074,451.324,451.324,451.074,451.074,0,0,0
46067387-204946:ISLANDLUMBER,23.429,23.429,23.429,23.429,23.429,23.429,0,0,0
33369506-250083:ITECH,0,0,0,0,0,0,0,0,0
48931891-782398:JAF INTERNATIONAL,0,0,0,0,0,0,0,0,0
90733780-712413:JMANN,289.074,289.074,289.074,289.074,595.9456672,595.9456672,0,0,0
16707732-410549:JPC ARCHITECT,8.179,8.179,8.179,8.179,9.0722352,9.0722352,0,0,0
51642741-876198:JUSTIN INC,0,0,0,0,0,0,0,0,0
77182086-923720:LAKESIDE,283.1851824,283.1851824,283.7866192,283.7866192,278.2111184,278.2111184,0,0,0
97102588-744628:LINEAGELOGISTICS,10.179,10.179,10.179,10.179,10.179,10.179,0,0,0
67621380-627761:LOWER NEHALEM,0,0,0,0,0,0,0,0,0
19515492-186356:LOYALLOOPS,0,0,0,0,0,0,0,0,0
28909686-729784:MALAGABANK,0,0,0,0,0,0,0,0,0
69214595-903979:MANAGED RELIABILITY,18.358,18.358,18.358,18.358,18.358,18.358,0,0,0
84246849-547931:MEASURE LOGIC,0,0,0,0,0,0,0,0,0
28343335-845426:CAPE BLANCO,40.552584,40.552584,36.6716656,36.6716656,35.2152912,35.2152912,0,0,0
23023708-463078:FINLEY CHERRIES,80.503,80.503,80.253,80.253,80.003,80.003,0,0,0
16235373-449600:GOSCHIE FARMS,22.858,22.858,22.858,22.858,23.108,23.108,0,0,0
79323640-229335:LOWER NEHALEM,11.429,11.429,11.429,11.429,11.679,11.679,0,0,0
94683517-456785:MEIOMI,20.179,20.179,20.179,20.179,20.179,20.179,0,0,0
26009577-590972:MH2DELI,0,0,0,0,0,0,0,0,0
56178462-412767:MICHAELMOYA,75.179,75.179,75.179,75.179,75.179,75.179,0,0,0
95356718-669742:MOTHER LODE,0,0,0,0,0,0,0,0,0
35713673-264526:NATIONALSIGNAL,42.537,42.537,42.537,42.537,42.537,42.537,0,0,0
50936844-209917:NATIONSFOOD,0,0,0,0,0,0,0,0,0
95764003-473599:NEXTILITY,0,0,0,0,0,0,0,0,0
31436041-173228:NORMAN INTERNATIONAL,209.895,209.895,209.895,209.895,209.895,209.895,0,0,0
72135150-417742:OAKLEY,0,0,0,0,0,0,0,0,0
83054572-193001:ONETRUST,0,0,0,0,0,0,0,0,0
24562438-881225:Oregon State Lottery,0,0,0,0,0,0,0,0,0
43892061-471264:ORTHOSCAN,116.179,116.179,116.179,116.179,116.179,116.179,0,0,0
11291096-153771:OWENSHEALTH,194.116,194.116,194.716,194.716,195.516,195.516,0,0,0
53748252-789585:OWLIZED,0,0,0,0,0,0,0,0,0
19123731-526710:PACIFIC MOBILE,0,0,0,0,0,0,0,0,0
74994803-759334:Paradigm Building Contractors,0,0,0,0,0,0,0,0,0
81309828-779604:PARKIT,0,0,0,0,0,0,0,0,0
65053685-183853:PASSPORT HEALTH,20.358,20.358,20.358,20.358,20.358,20.358,0,0,0
17179063-557520:TCIC Inc.,19.929,19.929,14.679,14.679,18.929,18.929,0,0,0
35917385-789754:PERCOLATA,0,0,0,0,0,0,0,0,0
76223869-178590:PICT (Bodega - Stockwell),22733.623,22733.623,22740.123,22740.123,22734.873,22734.873,0,0,0
38341847-583957:PLOTWATT,0,0,0,0,0,0,0,0,0
77565664-299446:POWIN,48.429,48.429,48.179,48.179,48.179,48.179,0,0,0
52862490-208574:PRECISIONDATA,0,0,0,0,0,0,0,0,0
17542228-132995:PRESCIDIO,239.1851696,239.1851696,237.5158448,237.5158448,230.4138928,230.4138928,0,0,0
75144883-332763:PRIMED,375.895,375.895,376.145,376.145,375.895,375.895,0,0,0
58483032-553700:Product Recovery (PRM Filtration),2945.019694,2945.019694,2747.315624,2747.315624,2774.458759,2774.458759,0,0,0
60755388-313135:PROJECTWORKS,14.358,14.358,14.358,14.358,14.358,14.358,0,0,0
51000532-787249:PUGETSOUND,114.5854,114.5854,130.253624,130.253624,123.93452,123.93452,0,0,0
62057688-232667:QUECTEL,0,0,0,0,0,0,0,0,0
68082744-722775:RADIO CAB,186.219,186.219,186.219,186.219,85.846959,85.846959,0,0,0
34524237-957686:RETAILTECH,0,0,0,0,0,0,0,0,0
83086511-985489:RGW CONST,0,0,0,0,0,0,0,0,0
38225939-115895:SBC INC,0,0,0,0,0,0,0,0,0
85472772-396596:SCAN IT,96.1824,96.1824,55.8819744,55.8819744,0,0,0,0,0
45591952-979594:SEALBEACH7,91.074,91.074,91.074,91.074,91.074,91.074,0,0,0
58982049-937489:SEATAC,9.179,9.179,9.179,9.179,9.179,9.179,0,0,0
35634647-706371:SEATTLESURGERY,13.679,13.679,13.679,13.679,13.679,13.679,0,0,0
23713388-307758:SECOCANYONHOA,30.537,30.537,30.537,30.537,30.537,30.537,0,0,0
23225578-841530:SECUIRTYIP,100.895,100.895,100.895,100.895,100.895,100.895,0,0,0
12279657-479864:SELECTELECTRIC,0,0,0,0,0,0,0,0,0
44947244-585058:SEPIPELINE,1481.04448,1481.04448,1363.235384,1363.235384,925.9600804,925.9600804,0,0,0
81421797-307656:SETOMATIC,20.179,20.179,20.179,20.179,20.179,20.179,0,0,0
94706293-796066:SHAVER TRANS,64.679,64.679,64.429,64.429,65.429,65.429,0,0,0
22877000-560683:SMILE STATION,0,0,0,0,0,0,0,0,0
86973568-653160:Sonitrol of Indianapolis,590.016,590.016,1093.584,1093.584,838.718,838.718,0,0,0
91539844-732166:SPOTKNOCKER,0,0,0,0,0,0,0,0,0
80211037-335976:Starsky Robotics,0,0,0,0,0,0,0,0,0
76974503-879858:Sunlight and Power,0,0,0,0,0,0,0,0,0
80348054-244791:SYARINDUSTRIES,181.037,181.037,180.537,180.537,213.3320336,213.3320336,0,0,0
63358530-423986:SYLVANARCHERS,9.3840048,9.3840048,9.3840048,9.3840048,9.2961456,9.2961456,0,0,0
40833580-667869:TALKINGRAIN,0,0,0,0,0,0,0,0,0
95450548-996848:TAOGLAS,772.287,772.287,772.287,772.287,772.287,772.287,0,0,0
64542259-263344:TAP WORLDWIDE,0,0,0,0,0,0,0,0,0
39103917-306099:TASC,0,0,0,0,0,0,0,0,0
90860152-941750:TELCODESIGN,0,0,0,0,0,0,0,0,0
66122420-798511:TERRABRIDGE,0,0,0,0,0,0,0,0,0
40731570-502030:TIPS TRI TIP,0,0,0,0,0,0,0,0,0
64138145-506608:TOWERROCKS,705.762,705.762,706.012,706.012,705.012,705.012,0,0,0
85810676-669680:TRICON,0,0,0,0,0,0,0,0,0
40670488-489769:TURNKEY,0,0,0,0,0,0,0,0,0
16260987-371129:UNIENERGY,0,0,0,0,0,0,0,0,0
46341746-530914:UNIGUEST,0,0,0,0,0,0,0,0,0
84131273-961669:UOFTEXAS,0,0,0,0,0,0,0,0,0
43588935-501861:V5 SYSTEMS,0,0,0,0,0,0,0,0,0
37849936-343227:VANDEPOL,50.358,50.358,50.608,50.608,50.608,50.608,0,0,0
16749334-162616:VENSTAR,625.549,625.549,625.549,625.549,625.549,625.549,0,0,0
62132701-896840:VIBRONICS,14.533104,14.533104,14.5447776,14.5447776,14.5447776,14.5447776,0,0,0
20841932-715215:VIDSEC,0,0,0,0,0,0,0,0,0
24384655-264498:VIPRINET,0,0,0,0,0,0,0,0,0
88812162-307444:VIRTUAL POWER,48.179,48.179,48.179,48.179,48.179,48.179,0,0,0
65878785-206010:VIVID HOSTING,0,0,0,0,0,0,0,0,0
28012229-472152:Vehicle Tracking Solutions (VTS),0,0,0,0,0,0,0,0,0
27782039-471478:WALLACEPROPERTIES,13.679,13.679,20.4734448,20.4734448,13.679,13.679,0,0,0
31648193-307541:WESTERN GRID,0,0,0,0,0,0,0,0,0
35547014-307007:WILLOW ROCK,31.6498832,31.6498832,56.8801168,56.8801168,30.537,30.537,0,0,0
11907963-230047:WIRELESSWORKFLOW,0,0,0,0,0,0,0,0,0
30937122-137117:WIVITY,0,0,0,0,0,0,0,0,0
87688916-365739:XPRESSTRUCK,30.537,30.537,30.537,30.537,30.537,30.537,0,0,0
21868699-547484:YMTI,0,0,0,0,0,0,0,0,0
"87724291-319683:H & R Waterworks, Inc.",0,0,0,0,0,0,0,0,0
"96645047-911164:Blyncsy, Inc",0,0,0,0,0,0,0,0,0
79760657-823101:RESERVE CLUB,99.253,99.253,110.013,110.013,99.253,99.253,0,0,0
26203372-687451:10 BARREL,10.179,10.179,10.179,10.179,10.179,10.179,0,0,0
71507812-483475:CYBERTOOLS,2.709,2.709,2.709,2.709,3.699,3.699,0,0,0
74445080-553057:LIFESOURCE,0,0,0,0,0,0,0,0,0
90693985-314349:BICOASTAL,21.179,21.179,21.179,21.179,21.179,21.179,0,0,0
85177140-500066:BT LOFTUS,30.278882,30.278882,29.082596,29.082596,29.111896,29.111896,0,0,0
74932591-110463:HEARN,0,0,0,0,0,0,0,0,0
19794506-927588:MCCLONE,0,0,0,0,0,0,0,0,0
84505984-903067:Galaxy Consulting,0,0,0,0,0,0,0,0,0
"64957132-979718:Corporate IT Solutions (5GB, 10GB, 15GB & 20GB)",0,0,0,0,0,0,0,0,0
44062804-592360:IDC (information display company),0,0,0,0,0,0,0,0,0
11212213-829767:DMG-LEXUS,44.179,44.179,44.179,44.179,44.179,44.179,0,0,0
49854407-514136:TRAUMA FX,0,0,0,0,0,0,0,0,0
79611886-371449:AKDHC,816.66,816.66,823.91,823.91,825.16,825.16,0,0,0
78710969-181105:CONCRETESOL,99.358,99.358,14.358,14.358,14.358,14.358,0,0,0
36271810-155905:TWILIO,80.179,80.179,80.179,80.179,80.179,80.179,0,0,0
14262328-554087:Maestro Wireless,55.595,55.595,55.595,55.595,55.595,55.595,0,0,0
24484324-825626:CompuMed Inc,161.7004,161.7004,158.3004,158.3004,157.3004,157.3004,0,0,0
76835058-317708:Adveez,183.3477,183.3477,183.3477,183.3477,183.3477,183.3477,0,0,0
70643553-532572:Agtek,370.703,370.703,370.703,370.703,294.002536,294.002536,0,0,0
35678628-683039:SpiralAxis,0,0,0,0,0,0,0,0,0
57790363-816926:Phrame,0,0,0,0,0,0,0,0,0
94096371-121532:Santa Cruz County,12.273275,12.273275,12.273275,12.273275,12.273275,12.273275,0,0,0
50243270-393822:Terrasense,0,0,0,0,0,0,0,0,0
22279181-263697:WISRAN,0,0,0,0,0,0,0,0,0
61770371-222931:VCE Inc,65.432,65.432,65.432,65.432,65.432,65.432,0,0,0
61646805-445027:Improve Group,489.236,489.236,569.2928,569.2928,595.9784,595.9784,0,0,0
90473486-893843:Foothill Internet,0,0,0,0,0,0,0,0,0
28060819-824849:ERIKS GDSIS,10.179,10.179,10.4368004,10.4368004,10.179,10.179,0,0,0
61556695-169471:REPERTOIRE,140.179,140.179,140.179,140.179,140.179,140.179,0,0,0
94022520-457302:DEACON54003,0,0,0,0,0,0,0,0,0
15955457-605045:DEACON10006,0,0,0,0,0,0,0,0,0
89735506-155169:DEACON70001,0,0,0,0,0,0,0,0,0
24721367-545444:DEACON10001-1,40.679,40.679,40.179,40.179,40.179,40.179,0,0,0
12974708-192120:DEACON10001-2,40.076,40.076,40.076,40.076,10.700292,10.700292,0,0,0
22575137-665496:eNeura Inc,988.27416,988.27416,988.27416,988.27416,988.27416,988.27416,0,0,0
36015664-101485:KC Bike Share,3026.20244,3024.20244,183.4635,183.4635,130.0923,130.0923,2,0,0
"59254157-222944:Indyme Solutions, LLC",0,0,0,0,0,0,0,0,0
14364316-703419:PGH Wong Engineering Inc,0,0,0,0,0,0,0,0,0
31068919-167748:DMG-TDBANK,568.086,568.086,567.836,567.836,570.836,570.836,0,0,0
"18434591-948482:SkyCentrics, Inc",74.179,74.179,74.179,74.179,74.179,74.179,0,0,0
85429738-755001:OtoSense,0,0,0,0,0,0,0,0,0
90600852-918921:Comprise Technologies,2.2238,2.2238,2.2238,2.2238,2.2238,2.2238,0,0,0
32796974-553734:SANTALUZ,51.608,51.608,51.358,51.358,51.358,51.358,0,0,0
81201841-224814:ASI SIGNAGE,110.179,110.179,110.179,110.179,110.179,110.179,0,0,0
28601135-793568:DEACON35016,0,0,0,0,0,0,0,0,0
19436327-961348:Universal Engineering Sciences,151.432,151.432,151.432,151.432,151.432,151.432,0,0,0
81015363-293888:Pacific Air Systems,16.6785,16.6785,16.6785,16.6785,16.6785,16.6785,0,0,0
"82409487-114123:Accurate Security Pros, Inc",0,0,0,0,0,0,0,0,0
51087094-705940:DEACON70000,0,0,0,0,0,0,0,0,0
60313260-782351:DEACON85004,0,0,0,0,0,0,0,0,0
78218892-880411:YAKAMA NATION,11.429,11.429,11.429,11.429,11.679,11.679,0,0,0
40372388-181532:CINCY BIKE,1029.6958,1029.6958,1016.353,1016.353,1083.067,1083.067,0,0,0
34215886-729782:Carmanah Signs Inc (Stratacache),1846.9554,1846.9554,1860.982,1860.982,1860.982,1860.982,0,0,0
41270728-535647:Discovery Management Group,70.358,70.358,70.358,70.358,70.358,70.358,0,0,0
24947949-494835:Bonita Golf Course,25.179,25.179,25.179,25.179,25.179,25.179,0,0,0
99877540-469960:Cedar Grove Composting,115.429,115.429,115.179,115.179,115.679,115.679,0,0,0
31044240-693777:Destination Media Solutions,0,0,0,0,0,0,0,0,0
44642779-740945:Heartland Bike Share Lincoln,385.52335,385.52335,389.27335,389.27335,395.02335,395.02335,0,0,0
15634959-258916:Bob's Metals Inc,31.679,31.679,31.679,31.679,31.679,31.679,0,0,0
23414097-364147:Nashville B-Cycle,322.8048,322.8048,0,0,500.355,500.355,0,0,0
14995906-866590:DEACON85004-2,0,0,0,0,0,0,0,0,0
30702588-468673:Bike Miami Valley,60.716,60.716,60.716,60.716,60.716,60.716,0,0,0
18619073-265072:DMG-CREO,240.358,240.358,240.358,240.358,240.358,240.358,0,0,0
48654513-373318:Zirkle Fruit,0,0,0,0,0,0,0,0,0
"80418812-359154:ITT Goulds Pumps, Inc",55.595,55.595,7.085565,7.085565,0,0,0,0,0
"40372533-690200:Kiwi Campus, Inc",13.3428,13.3428,13.3428,13.3428,13.3428,13.3428,0,0,0
45448145-285393:Boomerang Bike,0,0,0,0,0,0,0,0,0
87689308-347860:Pacific Cascade Distribution,532.944,532.944,243.819,243.819,3.384,3.384,0,0,0
95302640-136740:Compass Health,0,0,0,0,0,0,0,0,0
54512884-522869:Santa Teresa Golf Club,61.1205596,61.1205596,58.8471124,58.8471124,39.886094,39.886094,0,0,0
58184518-783119:Bay City Bike,80.179,80.179,80.179,80.179,80.179,80.179,0,0,0
39695146-645954:Plenty Unlimited,13.3428,13.3428,13.3428,13.3428,13.3428,13.3428,0,0,0
47298810-748069:Zededa,0,0,0,0,0,0,0,0,0
52481732-443583:Cree Inc,201.432,201.432,201.432,201.432,201.682,201.682,0,0,0
41997835-908559:Switch Automation,97.8472,97.8472,97.8472,97.8472,28.6912296,28.6912296,0,0,0
96317769-857912:Coleman Ag,0,0,0,0,0,0,0,0,0
11862367-738647:D-Link Systems,0,0,0,0,0,0,0,0,0
14884493-153114:Potrero Medical,0,0,0,0,0,0,0,0,0
21202603-529062:DEACON10006TL,0,0,0,0,0,0,0,0,0
23530603-904530:Visual Podiums (Digi Ads),86.7282,86.7282,952.9113155,952.9113155,954.0102,954.0102,0,0,0
82667198-389411:CDWare technologies,1234.601875,1234.601875,1235.851875,1235.851875,1236.601875,1236.601875,0,0,0
35496982-908633:SATELLITE DINER,3.179,3.179,3.179,3.179,3.229,3.229,0,0,0
41730896-410564:Tekmar Control Systems,0,0,0,0,0,0,0,0,0
99373115-832534:Black Star Ranch,0,0,0,0,0,0,0,0,0
13764110-499755:Admirals Choice,0,0,0,0,0,0,0,0,0
13667570-742147:Marine View Ventures,25.299,25.299,23.349,23.349,20.754,20.754,0,0,0
18735322-815979:DEACON10010TL,0,0,0,0,0,0,0,0,0
57877021-919648:DEACON85000,0,0,0,0,0,0,0,0,0
30405738-811143:COLUMBIA REACH,38.037,38.037,35.537,35.537,34.287,34.287,0,0,0
"69398336-868342:64KT 8me, LLC",140.179,140.179,140.179,140.179,140.179,140.179,0,0,0
65683602-390386:Scoot SF,13794.2552,13794.2552,13788.39153,13788.39153,13799.83112,13799.83112,0,0,0
94988929-875651:Thrifty Supply,451.6242298,451.6242298,503.1371449,503.1371449,441.9034852,441.9034852,0,0,0
97847427-524289:Olympic Orchards,11.429,11.429,11.429,11.429,11.429,11.429,0,0,0
68873679-147778:Securent Solutions LLC,0,0,0,0,0,0,0,0,0
35662405-416729:Music & Arts Corporate Headquarters,14084.869,14084.869,14080.269,14080.269,14087.469,14087.469,0,0,0
73171673-386459:Sensity (Public),1304.654,1304.654,1304.654,1304.654,1304.654,1304.654,0,0,0
89014296-434399:Taylor Orchards,0,0,0,0,0,0,0,0,0
"77966464-432437:La Linea Furioso, LLC (Furioso Vineyards)",0,0,0,0,0,0,0,0,0
84094792-195590:Crime Free Living,0,0,0,0,0,0,0,0,0
25605592-768791:HG Fenton Company,856.163,856.163,856.163,856.163,856.163,856.163,0,0,0
"11853441-309575:See Water, Inc",68.7543633,68.7543633,66.90805,66.90805,67.15805,67.15805,0,0,0
20705556-877805:Bodyport,104.595,104.595,104.595,104.595,104.595,104.595,0,0,0
28835850-874864:Practech,0,0,0,0,0,0,0,0,0
23516898-344725:East Multnomah Soil & Water Conservation District,11.429,11.429,11.429,11.429,11.429,11.429,0,0,0
56370284-413860:Salient Networks,73.537625,73.537625,73.537625,73.537625,73.537625,73.537625,0,0,0
63813859-836122:Razor USA,16255.03982,16255.03982,50701.0829,50701.0829,50845.07311,50845.07311,0,0,0
66181751-701445:White Bear Orchard LLC,11.429,11.429,11.429,11.429,11.429,11.429,0,0,0
75854353-793304:Sonitrol of Indianapolis,308.5852,308.5852,308.5852,308.5852,308.5852,308.5852,0,0,0
65592345-429792:AAA Kartak Glass Inc,44.358,44.358,44.358,44.358,44.358,44.358,0,0,0
"78451167-565904:PikeRide, Downtown Ventures DBA",0,0,0,0,0,0,0,0,0
39122109-382103:Jubilee Farms,0,0,0,0,0,0,0,0,0
85083852-898789:Meshh Group,0,0,0,0,0,0,0,0,0
27376043-770274:Vision Metering LLC,18.80903,18.80903,18.80903,18.80903,18.80903,18.80903,0,0,0
27912526-887565:AC Enterprises,350.179,350.179,350.179,350.179,350.179,350.179,0,0,0
98770292-243626:Drive.Ai,0,0,0,0,0,0,0,0,0
77048682-778045:Cobalt Robotics,24454.87338,24454.87338,27847.445,27847.445,19012.68381,19012.68381,0,0,0
"93305669-466228:Applocation Systems, Inc",367.284,367.284,367.284,367.284,367.284,367.284,0,0,0
39262862-707780:OnTrak Solutions,130.89825,130.89825,135.2899,135.2899,130.64825,130.64825,0,0,0
99977642-595134:All Pro Bail Bonds,96.966,96.966,96.966,96.966,96.716,96.716,0,0,0
63033007-473118:D&D Airpark LLC,42.679,42.679,42.679,42.679,42.679,42.679,0,0,0
50686164-567770:Bonney Lake 5970 Inc,11.679,11.679,11.679,11.679,182.003271,182.003271,0,0,0
14427295-885573:A&E Security and Electronic Solutions,309.205,309.205,309.205,309.205,309.205,309.205,0,0,0
11942202-645069:Umbra Cuscienetti Inc,15.0285,15.0285,15.0285,15.0285,15.0285,15.0285,0,0,0
85575548-825174:Gateway Taxi Management,810.5751,810.5751,810.5751,810.5751,810.5751,810.5751,0,0,0
"18175497-583132:IntelliSolutions, Inc",0,0,0,0,0,0,0,0,0
91911159-489720:Farm from a Box,32.6014245,32.6014245,12.179,12.179,12.179,12.179,0,0,0
78362429-467057:MSF Data Services,62.48908,62.48908,62.48908,62.48908,62.48908,62.48908,0,0,0
47668695-149471:Bi-Rite,9.179,9.179,9.179,9.179,9.179,9.179,0,0,0
33814197-312096:Simpl Global,27.7975,27.7975,27.7975,27.7975,27.7975,27.7975,0,0,0
45757306-916518:Essex Corporation,50.179,50.179,50.179,50.179,50.179,50.179,0,0,0
91469884-874345:Communications Northwest,0,0,0,0,0,0,0,0,0
68158153-809599:Deep Forest Security Consulting,0,0,0,0,0,0,0,0,0
51193722-943098:DMG Demo,126.537,126.537,126.577,126.577,126.537,126.537,0,0,0
42140592-833319:Arable labs Inc,870.4028,870.4028,870.4028,870.4028,870.4028,870.4028,0,0,0
59511206-817298:DEACON85006,0,0,0,0,0,0,0,0,0
95168360-742596:Veloxity,0,0,0,0,0,0,0,0,0
78924164-944744:Virtual Guard,5807.191,5807.191,5015.691,5015.691,4357.191,4357.191,0,0,0
11255901-538154:Dusty Robotics,50.0355,50.0355,50.0355,50.0355,77.454954,77.454954,0,0,0
30319786-137500:Star Sanitation,115.71945,115.71945,115.71945,115.71945,115.71945,115.71945,0,0,0
39808439-727565:Combined Transport Inc.,15.179,15.179,15.179,15.179,15.179,15.179,0,0,0
61851679-887461:Bandit,140.5494602,140.5494602,245.273253,245.273253,200.358,200.358,0,0,0
36338717-666217:Industrack LLC,1208.262385,1208.262385,1221.772325,1221.772325,1239.109641,1239.109641,0,0,0
13787689-446171:Memomi,880.6248,880.6248,8404.61001,8404.61001,0,0,0,0,0
58373918-432074:DEACON015070,115.179,115.179,115.179,115.179,115.179,115.179,0,0,0
17763353-268360:Skycatch,5271.91,5271.91,5271.91,5271.91,5271.91,5271.91,0,0,0
93426132-401090:John Deere,745.51,740.51,494.51,494.51,520.76,520.76,5,0,0
"88965576-708787:Viziv Labs, LLC",1128.509,1128.509,1128.509,1128.509,1128.509,1128.509,0,0,0
83268907-464730:Logic Beach,90.469,90.469,89.969,89.969,89.969,89.969,0,0,0
"99733416-148169:La Huerta, Inc.",48.358,48.358,48.358,48.358,48.358,48.358,0,0,0
61978534-250879:Zenspace,1699.0596,1699.0596,49,49,49,49,0,0,0
36967673-372780:Jeff Greischar (Marathon),75.179,75.179,75.179,75.179,75.179,75.179,0,0,0
64059471-305160:Indianapolis Cultural Trail,949.00665,949.00665,908.97825,908.97825,962.34945,962.34945,0,0,0
58311476-166548:Impact LED,0,0,0,0,0,0,0,0,0
48248547-321255:317 Retail,0,0,0,0,0,0,0,0,0
65866950-179338:3213 Retail,0,0,0,0,0,0,0,0,0
"49602538-917495:KrohTech, LLC",137.716,137.716,137.716,137.716,137.716,137.716,0,0,0
77665757-585545:John Bollier (Marathon),224.4256,224.4256,140.766,140.766,1039.423202,1039.423202,0,0,0
77875777-431562:Getaround,120.0852,120.0852,120.0852,120.0852,120.0852,120.0852,0,0,0
"14766496-166774:Cabin Technologies, Inc. (ride cabin)",771.7261048,771.7261048,180.2664664,180.2664664,49,49,0,0,0
90332155-876915:Phantom Auto,244.3705,309.494,2616.988934,2639.651912,49,49,-65.1235,-22.662978,0
17708297-311931:DMG-LULULEMON,66.966,66.966,66.716,66.716,1242.506,1242.506,0,0,0
16916338-885811:Vibe Vans,0,0,0,0,0,0,0,0,0
32766890-793561:Clear-Com,150.358,150.358,150.358,150.358,150.358,150.358,0,0,0
68285216-179966:POS360,0,0,0,0,0,0,0,0,0
83824620-868787:Navigator Networks,28.358,28.358,28.358,28.358,28.358,28.358,0,0,0
79128930-653341:Stanley Neal (Marathon),75.179,75.179,75.179,75.179,75.179,75.179,0,0,0
85818387-938667:Firestone Walker Brewing Company,23.179,23.179,23.179,23.179,23.179,23.179,0,0,0
56303995-734582:Tetratech_Split_ATT,0,0,0,0,0,0,0,0,0
69260946-118589:E2 Optics,148.358,148.358,148.358,148.358,148.358,148.358,0,0,0
12438807-163622:Menna Development & Management (Marathon),260.179,260.179,476.179,476.179,260.179,260.179,0,0,0
30264337-297655:Hippo Insurance,0,0,0,0,0,0,0,0,0
97695913-148979:Murray Sielski (Marathon),75.179,75.179,75.179,75.179,75.179,75.179,0,0,0
40666254-178423:Clarence Worley Inc. (Marathon),75.179,75.179,903.179,903.179,519.179,519.179,0,0,0
54521312-866498:Omni Control Technologies,325.6175,325.6175,325.6175,325.6175,325.6175,325.6175,0,0,0
"87373322-548918:Cleaver Brooks, Inc",1213.045354,1213.045354,1337.428353,1337.428353,1347.479094,1347.479094,0,0,0
49797919-340202:Richard Lawrence (Marathon),260.179,260.179,260.179,260.179,260.179,260.179,0,0,0
97818843-752037:Charles Sanders LLC (Ace),25.179,25.179,25.179,25.179,25.179,25.179,0,0,0
74169262-815587:Jim Lincoln (Marathon),140.179,140.179,140.179,140.179,140.179,140.179,0,0,0
20581392-197367:CoWorkr Inc.,1212.61,1212.61,1139.374,1139.374,464.227,464.227,0,0,0
53619193-668341:Aptonomy,549.355,549.355,7554.325,7554.325,7554.325,7554.325,0,0,0
71830744-693469:Bruce Box (Marathon),75.179,75.179,75.179,75.179,75.179,75.179,0,0,0
70971523-585786:Michael Cronin (Marathon),140.179,140.179,140.179,140.179,140.179,140.179,0,0,0
39599811-375091:CJ Technologies,0,0,0,0,0,0,0,0,0
22261078-201578:DEACON10028,40.179,40.179,40.179,40.179,40.179,40.179,0,0,0
87918994-850175:Patrick Berschauer (Marathon),171.179,171.179,111.179,111.179,75.179,75.179,0,0,0
55635251-370295:Kathy Fields (Marathon),75.179,75.179,219.179,219.179,75.179,75.179,0,0,0
89240589-445226:Joby Aero Inc.,0,0,0,0,0,0,0,0,0
90596398-763271:PGH Wong Engineering,0,0,0,0,0,0,0,0,0
"91080855-507128:Thousand Eyes, Inc.",22081.44,22081.44,22081.44,22081.44,22081.19,22081.19,0,0,0
40692403-995621:ePlanet,86.29568,86.29568,99.095,99.095,99.095,99.095,0,0,0
57131119-365900:Kenneth C Williams (KC) (Marathon),332.179,332.179,560.179,560.179,548.179,548.179,0,0,0
83459460-991263:Jim Grossen (Marathon),75.179,75.179,75.179,75.179,75.179,75.179,0,0,0
14176542-921343:Volly (Loyalty Express),9.179,9.179,9.179,9.179,9.179,9.179,0,0,0
75304693-996803:James Vangilder (Marathon),279.179,279.179,267.179,267.179,291.179,291.179,0,0,0
34346771-653305:United Art Project (UAP),350.179,350.179,700.844,700.844,700.844,700.844,0,0,0
77891420-807124:The Dutra Group,16617.234,16617.234,19498.666,19498.666,23460.635,23460.635,0,0,0
34698455-148166:DMG-WESTROCK,0,0,0,0,0,0,0,0,0
15354143-371318:Milo Kirk (Marathon),260.179,260.179,260.179,260.179,260.179,260.179,0,0,0
24162781-307168:Amaral Ranches Partnership,362.037,362.037,361.537,361.537,361.787,361.787,0,0,0
32939461-692098:MedStar Ambulance,0,0,0,0,0,0,0,0,0
94266240-532917:BalTech Trucking Solutions,20283.165,20283.165,19684.203,19684.203,20075.832,20075.832,0,0,0
46513600-321485:Automated Electric Corporation,104.358,104.358,80.358,80.358,80.358,80.358,0,0,0
79894389-851593:Gonzales Irrigation Systems Inc.,1615.179,1615.179,1045.179,1045.179,469.179,469.179,0,0,0
44737536-843345:Nakanishi Dental,12.179,12.179,24.179,24.179,12.179,12.179,0,0,0
34513376-772389:Mob Scene,75.179,75.179,75.179,75.179,75.179,75.179,0,0,0
65861203-725884:CCOI Gate and Fence,276.685,276.685,276.685,276.685,276.685,276.685,0,0,0
74344393-522074:Hoamco DBA: Palo Verde Meadows,25.179,25.179,25.179,25.179,25.179,25.179,0,0,0
52824755-301449:ANICO c/o Colliers International,75.1349,96.1748,277.1554682,262.9910528,300.716,300.716,-21.0399,14.1644154,0
63872286-586651:Martin Morehead (Marathon),140.179,140.179,140.179,140.179,140.179,140.179,0,0,0
"66982860-901197:Hoffman + Krippner, Inc.",629.475,629.475,629.475,629.475,629.475,629.475,0,0,0
46693164-532238:Blue Sky Utility,14.179,14.179,14.179,14.179,14.179,14.179,0,0,0
32051312-619860:DMG-MERRILL LYNCH,83.395,83.395,83.395,83.395,46.451015,46.451015,0,0,0
48235106-960766:DMG-CVS,3550.095,3550.095,3560.345,3560.345,3571.595,3571.595,0,0,0
"29460233-849950:Bulloch County Rural Telephone Cooperative, Inc.",49,49,49,49,49,49,0,0,0
54615350-790246:Waterpoint,332.2499236,327.7499236,202.483682,202.483682,202.494404,202.494404,4.5,0,0
"40596006-129238:Adam Gray, LLC",6413.697942,6413.697942,6370.986087,6370.986087,7380.595139,7380.595139,0,0,0
52619123-859919:COTPA/Spokies (OKC),215.79,215.79,215.79,215.79,49,49,0,0,0
45523885-697203:Mike Cosentino (Marathon),140.179,140.179,140.179,140.179,140.179,140.179,0,0,0
85759913-935942:Edwin Calhoun (Marathon),140.179,140.179,260.179,260.179,140.179,140.179,0,0,0
14093301-244836:Bob Lanphere (Marathon),75.179,75.179,75.179,75.179,75.179,75.179,0,0,0
72994857-929448:All Guard,66.537,66.537,66.537,66.537,66.537,66.537,0,0,0
23925102-735217:Major Cement Company,451.179,451.179,451.179,451.179,451.179,451.179,0,0,0
77926778-876621:Zenners Sausage Company,300.57,300.57,457.1083,457.1083,0,0,0,0,0
21494127-741560:Couch Distributing Company,199.179,199.179,199.179,199.179,199.179,199.179,0,0,0
57200860-363423:Kreig & Ashley Allen (Marathon),764.179,764.179,164.179,164.179,140.179,140.179,0,0,0
44161772-324671:Remote Technology Security,69.179,69.179,69.179,69.179,69.179,69.179,0,0,0
35536543-543878:Fletcher Jones (Marathon),260.179,260.179,260.179,260.179,260.179,260.179,0,0,0
29561728-592096:Valois McGaha (Marathon),260.179,260.179,260.179,260.179,260.179,260.179,0,0,0
"47541493-409457:Lite Construction, Inc.",280.179,280.179,280.179,280.179,676.179,676.179,0,0,0
72052811-800294:Newsom Baker / Individual (Marathon),75.179,75.179,75.179,75.179,75.179,75.179,0,0,0
80972283-307459:JPM Team LLC (Marathon),87.179,87.179,135.179,135.179,75.179,75.179,0,0,0
57165939-502865:Ken Catchot (Marathon),75.179,75.179,75.179,75.179,75.179,75.179,0,0,0
42835766-197394:Pit Stop Auto Service,83.58,83.58,83.58,83.58,83.58,83.58,0,0,0
26044854-429681:Lasco,1156.1926,1156.1926,290.551,290.551,290.551,290.551,0,0,0
88817103-537708:Federal Warehouse,387.843975,750.691927,686.179,686.179,806.179,806.179,-362.847952,0,0
51671343-102579:Country Agency,1013.919,1013.919,1122.966939,1122.966939,872.179,872.179,0,0,0
35968385-640577:Ron Chilton,296.179,296.179,320.179,320.179,152.429,152.429,0,0,0
28507408-844842:Richard Roberts (marathon),140.179,140.179,140.179,140.179,140.179,140.179,0,0,0
66550198-641885:Martensen Tax,73.11351,73.11351,75.1425,75.1425,123.158419,123.158419,0,0,0
43020337-687092:Bill Einhellig (Marathon),167.871124,167.871124,75.179,75.179,75.179,75.179,0,0,0
"35604831-590474:Dexterity, Inc.",473.740694,582.547034,602.179,602.179,602.179,602.179,-108.80634,0,0
83653177-575499:The Mobility House,74.004346,98.748138,119.358,119.358,119.358,119.358,-24.743792,0,0
60409872-671480:Johnny Gray (Marathon),72.89308,72.89308,176.179,176.179,140.179,140.179,0,0,0
"51713547-112821:Precision Alarms & Automation Solutions, Inc",12.361432,32.604736,45.179,45.179,45.179,45.179,-20.243304,0,0
"43142146-565953:Connectria, LLC",106.5,98,98,98,98,98,8.5,0,0
31333262-961919:Arcadia Center for Sustainable Food and Agriculture,50.164626,50.164626,72.679,72.679,120.179,120.179,0,0,0
42417576-707132:Mike Case (Marathon),40.932268,40.932268,140.459358,140.459358,140.179,140.179,0,0,0
67399820-352742:Antagonist Camera Inc.,29,29,29,29,29,29,0,0,0
66662500-367036:Eric Jones Racing (Marathon),0.676611,0.676611,75.179,75.179,75.179,75.179,0,0,0
65811296-279503:Simplement Inc,0,0,0,0,0,0,0,0,0
"75109562-675238:PEMY Consulting, LLC",0,0,0,17.6254077,0,0,0,-17.6254077,0
72751656-739881:Mandelbaum Solar Partners,0,0,0,0,29.904911,29.904911,0,0,0
68597395-406535:Western Allied Mechanical,29,29,29,29,29,29,0,0,0
77218709-848854:Corfini Gourmet,0,0,0,0,0,0,0,0,0
45295202-438084:Pioneer Fire Inc,0,0,0,0,0,0,0,0,0
92689512-932857:Dfuzion - USDOT Federal Railroad Administration,0,0,0,0,53.810022,53.810022,0,0,0
19796541-532973:Texian Geospatial,0,0,0,0,0,0,0,0,0
"49098670-486875:GPS Inc dba EM Company, Inc",0,0,0,0,0,0,0,0,0
41601602-671740:The Diverse Youth Foundation,0,0,0,0,0,0,0,0,0
56630403-195665:Elizabeth Casto (Marathon),0,0,111.651736,111.651736,774.839433,774.839433,0,0,0
93556248-443975:Powerside,512.79,512.79,512.79,512.79,535.963748,535.463748,0,0,0.5
57888010-445843:Sunfolding,3081.0971,3064.4186,3164.4896,3164.4896,3321.7675,3321.2675,16.6785,0,0.5
31013739-387519:Eperture LLC,29,29,29,29,51.696039,50.696039,0,0,1
22712699-431470:Talis Biomedical Corporation,29,29,29,29,30,29,0,0,1
"63637546-900223:Qardio, Inc.",29,29,29,29,31.5,29,0,0,2.5
38311906-351656:SPARTANBURG (aka: Partners for Active Living),75.895,75.895,75.879821,75.879821,93.095,88.095,0,0,5
18960824-686177:FirstFleet,9040.255205,9040.255205,9076.255205,9076.255205,10736.16548,9241.165483,0,0,1495
,1264939.261,1347140.583,1351590.538,1451466.241,1295601.808,1429408.274,-82201.32264,-99875.7026,-133806.4666